Workbook

Sheet Worksheet 1
A1: MSSV | B1: Hoten | D1: Lop
A2: 1111434 | B2: Lê Huỳnh | C2: Như | D2: DI11Y9A2
A3: 1111450 | B3: Sơn | C3: Sony | D3: DI11Y9A1
A4: A1200014 | B4: Võ Đông | C4: Triều | D4: CP1296C1
A5: A1200028 | B5: Lê Phong | C5: Cảnh | D5: CP1296C1
A6: A1200137 | B6: Trần Tấn | C6: Quốc | D6: CP1296C1
A7: B1204052 | B7: Nguyễn Thanh | C7: Phong | D7: DI1296A2
A8: B1204121 | B8: Nguyễn Thanh | C8: Thiện | D8: DI1295A1
A9: B1208601 | B9: Hồ Thị Huế | C9: Chi | D9: DI12Z6A2
A10: B1209103 | B10: Nguyễn Hoài | C10: Nam | D10: TC12Z5A1
A11: B1209107 | B11: Cao Tuấn | C11: Nguyên | D11: TC12Z5A1
A12: B1209144 | B12: Huỳnh Nhựt | C12: Thương | D12: TC12Z5A2
A13: B1302016 | B13: Nguyễn Phước | C13: Toàn | D13: XH13W9A1
A14: B1304488 | B14: Hồng Duy | C14: Hiệu | D14: DI13Z6A1
A15: B1304494 | B15: Kim | C15: Mel | D15: DI13Z6A1

Sheet Worksheet 2
A1: MSSV | B1: MaMH | C1: Diem
A2: 1111434 | B2: CT447 | C2: A
A3: 1111450 | B3: CT107 | C3: A
A4: A1200014 | B4: CT178 | C4: C
A5: A1200028 | B5: CT447 | C5: D
A6: A1200137 | B6: CT107 | C6: B
A7: B1204052 | B7: CT178 | C7: A
A8: B1204121 | B8: CT447 | C8: A
A9: B1208601 | B9: CT107 | C9: C
A10: B1209103 | B10: CT178 | C10: D
A11: B1209107 | B11: CT447 | C11: B
A12: B1209144 | B12: CT107 | C12: A
A13: B1302016 | B13: CT178 | C13: A
A14: B1304488 | B14: CT447 | C14: C
A15: B1304494 | B15: CT107 | C15: D
C16: B

Sheet Worksheet 3
A1: MaMH | B1: TenMH | C1: TinChi
A2: CT447 | B2: Quan Tri He Thong | C2: 3
A3: CT107 | B3: He Dieu Hanh | C3: 3
A4: CT178 | B4: Nen tang CNTT | C4: 3

Sheet 2a
A1: MSSV | B1: Hoten | D1: Lop
A2: 1111434 | B2: Lê Huỳnh | C2: Như | D2: DI11Y9A2
A3: 1111450 | B3: Sơn | C3: Sony | D3: DI11Y9A1
A4: A1200014 | B4: Võ Đông | C4: Triều | D4: CP1296C1
A5: A1200028 | B5: Lê Phong | C5: Cảnh | D5: CP1296C1
A6: A1200137 | B6: Trần Tấn | C6: Quốc | D6: CP1296C1
A7: B1204052 | B7: Nguyễn Thanh | C7: Phong | D7: DI1296A2
A8: B1204121 | B8: Nguyễn Thanh | C8: Thiện | D8: DI1295A1
A9: B1208601 | B9: Hồ Thị Huế | C9: Chi | D9: DI12Z6A2
A10: B1209103 | B10: Nguyễn Hoài | C10: Nam | D10: TC12Z5A1
A11: B1209107 | B11: Cao Tuấn | C11: Nguyên | D11: TC12Z5A1
A12: B1209144 | B12: Huỳnh Nhựt | C12: Thương | D12: TC12Z5A2
A13: B1302016 | B13: Nguyễn Phước | C13: Toàn | D13: XH13W9A1
A14: B1304488 | B14: Hồng Duy | C14: Hiệu | D14: DI13Z6A1
A15: B1304494 | B15: Kim | C15: Mel | D15: DI13Z6A1

Sheet 2b
A1: MSSV | B1: Hoten | D1: Lop | E1: MaMH
A2: 1111434 | B2: Lê Huỳnh | C2: Như | D2: DI11Y9A2 | E2: =VLOOKUP(A2:A15,'Worksheet 2'!A1:C16,2,FALSE) -> CT447
A3: 1111450 | B3: Sơn | C3: Sony | D3: DI11Y9A1 | E3: =VLOOKUP(A2:A15,'Worksheet 2'!A1:C16,2,FALSE) -> CT107
A4: A1200014 | B4: Võ Đông | C4: Triều | D4: CP1296C1 | E4: =VLOOKUP(A2:A15,'Worksheet 2'!A1:C16,2,FALSE) -> CT178
A5: A1200028 | B5: Lê Phong | C5: Cảnh | D5: CP1296C1 | E5: =VLOOKUP(A3:A16,'Worksheet 2'!A2:C17,2,FALSE) -> CT447
A6: A1200137 | B6: Trần Tấn | C6: Quốc | D6: CP1296C1 | E6: =VLOOKUP(A4:A17,'Worksheet 2'!A3:C18,2,FALSE) -> CT107
A7: B1204052 | B7: Nguyễn Thanh | C7: Phong | D7: DI1296A2 | E7: =VLOOKUP(A5:A18,'Worksheet 2'!A4:C19,2,FALSE) -> CT178
A8: B1204121 | B8: Nguyễn Thanh | C8: Thiện | D8: DI1295A1 | E8: =VLOOKUP(A6:A19,'Worksheet 2'!A5:C20,2,FALSE) -> CT447
A9: B1208601 | B9: Hồ Thị Huế | C9: Chi | D9: DI12Z6A2 | E9: =VLOOKUP(A7:A20,'Worksheet 2'!A6:C21,2,FALSE) -> CT107
A10: B1209103 | B10: Nguyễn Hoài | C10: Nam | D10: TC12Z5A1 | E10: =VLOOKUP(A8:A21,'Worksheet 2'!A7:C22,2,FALSE) -> CT178
A11: B1209107 | B11: Cao Tuấn | C11: Nguyên | D11: TC12Z5A1 | E11: =VLOOKUP(A9:A22,'Worksheet 2'!A8:C23,2,FALSE) -> CT447
A12: B1209144 | B12: Huỳnh Nhựt | C12: Thương | D12: TC12Z5A2 | E12: =VLOOKUP(A10:A23,'Worksheet 2'!A9:C24,2,FALSE) -> CT107
A13: B1302016 | B13: Nguyễn Phước | C13: Toàn | D13: XH13W9A1 | E13: =VLOOKUP(A11:A24,'Worksheet 2'!A10:C25,2,FALSE) -> CT178
A14: B1304488 | B14: Hồng Duy | C14: Hiệu | D14: DI13Z6A1 | E14: =VLOOKUP(A12:A25,'Worksheet 2'!A11:C26,2,FALSE) -> CT447
A15: B1304494 | B15: Kim | C15: Mel | D15: DI13Z6A1 | E15: =VLOOKUP(A13:A26,'Worksheet 2'!A12:C27,2,FALSE) -> CT107

Sheet 2c
A1: MSSV | B1: Hoten | D1: Lop | E1: MaMH
A2: 1111434 | B2: Lê Huỳnh | C2: Như | D2: DI11Y9A2 | E2: =VLOOKUP(A2:A15,'Worksheet 2'!A1:C16,2,FALSE) -> CT447
A3: 1111450 | B3: Sơn | C3: Sony | D3: DI11Y9A1 | E3: =VLOOKUP(A2:A15,'Worksheet 2'!A1:C16,2,FALSE) -> CT107
A4: A1200014 | B4: Võ Đông | C4: Triều | D4: CP1296C1 | E4: =VLOOKUP(A2:A15,'Worksheet 2'!A1:C16,2,FALSE) -> CT178
A5: A1200028 | B5: Lê Phong | C5: Cảnh | D5: CP1296C1 | E5: =VLOOKUP(A3:A16,'Worksheet 2'!A2:C17,2,FALSE) -> CT447
A6: A1200137 | B6: Trần Tấn | C6: Quốc | D6: CP1296C1 | E6: =VLOOKUP(A4:A17,'Worksheet 2'!A3:C18,2,FALSE) -> CT107
A7: B1204052 | B7: Nguyễn Thanh | C7: Phong | D7: DI1296A2 | E7: =VLOOKUP(A5:A18,'Worksheet 2'!A4:C19,2,FALSE) -> CT178
A8: B1204121 | B8: Nguyễn Thanh | C8: Thiện | D8: DI1295A1 | E8: =VLOOKUP(A6:A19,'Worksheet 2'!A5:C20,2,FALSE) -> CT447
A9: B1208601 | B9: Hồ Thị Huế | C9: Chi | D9: DI12Z6A2 | E9: =VLOOKUP(A7:A20,'Worksheet 2'!A6:C21,2,FALSE) -> CT107
A10: B1209103 | B10: Nguyễn Hoài | C10: Nam | D10: TC12Z5A1 | E10: =VLOOKUP(A8:A21,'Worksheet 2'!A7:C22,2,FALSE) -> CT178
A11: B1209107 | B11: Cao Tuấn | C11: Nguyên | D11: TC12Z5A1 | E11: =VLOOKUP(A9:A22,'Worksheet 2'!A8:C23,2,FALSE) -> CT447
A12: B1209144 | B12: Huỳnh Nhựt | C12: Thương | D12: TC12Z5A2 | E12: =VLOOKUP(A10:A23,'Worksheet 2'!A9:C24,2,FALSE) -> CT107
A13: B1302016 | B13: Nguyễn Phước | C13: Toàn | D13: XH13W9A1 | E13: =VLOOKUP(A11:A24,'Worksheet 2'!A10:C25,2,FALSE) -> CT178
A14: B1304488 | B14: Hồng Duy | C14: Hiệu | D14: DI13Z6A1 | E14: =VLOOKUP(A12:A25,'Worksheet 2'!A11:C26,2,FALSE) -> CT447
A15: B1304494 | B15: Kim | C15: Mel | D15: DI13Z6A1 | E15: =VLOOKUP(A13:A26,'Worksheet 2'!A12:C27,2,FALSE) -> CT107

Sheet 2d
A1: MSSV | B1: Hoten | D1: Lop | E1: MaMH | F1: Diem
A2: 1111434 | B2: Lê Huỳnh | C2: Như | D2: DI11Y9A2 | E2: =VLOOKUP(A2:A15,'Worksheet 2'!A1:C16,2,FALSE) -> CT447 | F2: =VLOOKUP(A2:A15,'Worksheet 2'!A1:C16,3,FALSE) -> A
A3: 1111450 | B3: Sơn | C3: Sony | D3: DI11Y9A1 | E3: =VLOOKUP(A2:A15,'Worksheet 2'!A1:C16,2,FALSE) -> CT107 | F3: =VLOOKUP(A2:A15,'Worksheet 2'!A1:C16,3,FALSE) -> A
A4: A1200014 | B4: Võ Đông | C4: Triều | D4: CP1296C1 | E4: =VLOOKUP(A2:A15,'Worksheet 2'!A1:C16,2,FALSE) -> CT178 | F4: =VLOOKUP(A2:A15,'Worksheet 2'!A1:C16,3,FALSE) -> C
A5: A1200028 | B5: Lê Phong | C5: Cảnh | D5: CP1296C1 | E5: =VLOOKUP(A3:A16,'Worksheet 2'!A2:C17,2,FALSE) -> CT447 | F5: =VLOOKUP(A3:A16,'Worksheet 2'!A2:C17,3,FALSE) -> D
A6: A1200137 | B6: Trần Tấn | C6: Quốc | D6: CP1296C1 | E6: =VLOOKUP(A4:A17,'Worksheet 2'!A3:C18,2,FALSE) -> CT107 | F6: =VLOOKUP(A4:A17,'Worksheet 2'!A3:C18,3,FALSE) -> B
A7: B1204052 | B7: Nguyễn Thanh | C7: Phong | D7: DI1296A2 | E7: =VLOOKUP(A5:A18,'Worksheet 2'!A4:C19,2,FALSE) -> CT178 | F7: =VLOOKUP(A5:A18,'Worksheet 2'!A4:C19,3,FALSE) -> A
A8: B1204121 | B8: Nguyễn Thanh | C8: Thiện | D8: DI1295A1 | E8: =VLOOKUP(A6:A19,'Worksheet 2'!A5:C20,2,FALSE) -> CT447 | F8: =VLOOKUP(A6:A19,'Worksheet 2'!A5:C20,3,FALSE) -> A
A9: B1208601 | B9: Hồ Thị Huế | C9: Chi | D9: DI12Z6A2 | E9: =VLOOKUP(A7:A20,'Worksheet 2'!A6:C21,2,FALSE) -> CT107 | F9: =VLOOKUP(A7:A20,'Worksheet 2'!A6:C21,3,FALSE) -> C
A10: B1209103 | B10: Nguyễn Hoài | C10: Nam | D10: TC12Z5A1 | E10: =VLOOKUP(A8:A21,'Worksheet 2'!A7:C22,2,FALSE) -> CT178 | F10: =VLOOKUP(A8:A21,'Worksheet 2'!A7:C22,3,FALSE) -> D
A11: B1209107 | B11: Cao Tuấn | C11: Nguyên | D11: TC12Z5A1 | E11: =VLOOKUP(A9:A22,'Worksheet 2'!A8:C23,2,FALSE) -> CT447 | F11: =VLOOKUP(A9:A22,'Worksheet 2'!A8:C23,3,FALSE) -> B
A12: B1209144 | B12: Huỳnh Nhựt | C12: Thương | D12: TC12Z5A2 | E12: =VLOOKUP(A10:A23,'Worksheet 2'!A9:C24,2,FALSE) -> CT107 | F12: =VLOOKUP(A10:A23,'Worksheet 2'!A9:C24,3,FALSE) -> A
A13: B1302016 | B13: Nguyễn Phước | C13: Toàn | D13: XH13W9A1 | E13: =VLOOKUP(A11:A24,'Worksheet 2'!A10:C25,2,FALSE) -> CT178 | F13: =VLOOKUP(A11:A24,'Worksheet 2'!A10:C25,3,FALSE) -> A
A14: B1304488 | B14: Hồng Duy | C14: Hiệu | D14: DI13Z6A1 | E14: =VLOOKUP(A12:A25,'Worksheet 2'!A11:C26,2,FALSE) -> CT447 | F14: =VLOOKUP(A12:A25,'Worksheet 2'!A11:C26,3,FALSE) -> C
A15: B1304494 | B15: Kim | C15: Mel | D15: DI13Z6A1 | E15: =VLOOKUP(A13:A26,'Worksheet 2'!A12:C27,2,FALSE) -> CT107 | F15: =VLOOKUP(A13:A26,'Worksheet 2'!A12:C27,3,FALSE) -> D
